{
	"credit": "Made with Blockbench",
	"texture_size": [48, 32],
	"textures": {
		"0": "createdieselgenerators:block/pumpjack_crank",
		"particle": "createdieselgenerators:block/pumpjack_crank"
	},
	"elements": [
		{
			"from": [-1.5, -1.5, 2],
			"to": [1.5, 1.5, 3],
			"rotation": {"angle": 0, "axis": "y", "origin": [0, 0, 4]},
			"faces": {
				"north": {"uv": [9.66667, 4.5, 11.66667, 7.5], "rotation": 180, "texture": "#0"},
				"east": {"uv": [9.66667, 4.5, 10.33333, 7.5], "rotation": 180, "texture": "#0"},
				"south": {"uv": [9.66667, 4.5, 11.66667, 7.5], "rotation": 180, "texture": "#0"},
				"west": {"uv": [10.33333, 4.5, 9.66667, 7.5], "rotation": 180, "texture": "#0"},
				"up": {"uv": [9.66667, 5.5, 11.66667, 4.5], "rotation": 180, "texture": "#0"},
				"down": {"uv": [9.66667, 4.5, 11.66667, 5.5], "rotation": 180, "texture": "#0"}
			}
		},
		{
			"from": [0.5, 2.5, 13],
			"to": [1.5, 14.5, 14],
			"rotation": {"angle": 0, "axis": "y", "origin": [1, 2.5, 4]},
			"faces": {
				"north": {"uv": [14.66666, 13, 6.66666, 14.00001], "rotation": 270, "texture": "#0"},
				"east": {"uv": [14.66667, 14.00001, 6.66667, 13], "rotation": 270, "texture": "#0"},
				"south": {"uv": [14.66666, 13, 6.66666, 14.00001], "rotation": 270, "texture": "#0"},
				"west": {"uv": [14.66667, 14.00001, 6.66667, 13], "rotation": 270, "texture": "#0"},
				"down": {"uv": [16, 2.5, 15.33333, 1.5], "rotation": 180, "texture": "#0"}
			}
		},
		{
			"from": [-1.5, 2.5, 13],
			"to": [-0.5, 14.5, 14],
			"rotation": {"angle": 0, "axis": "y", "origin": [-1, 2.5, 4]},
			"faces": {
				"north": {"uv": [14.66666, 13, 6.66666, 14.00001], "rotation": 270, "texture": "#0"},
				"east": {"uv": [14.66667, 14.00001, 6.66667, 13], "rotation": 270, "texture": "#0"},
				"south": {"uv": [14.66666, 13, 6.66666, 14.00001], "rotation": 270, "texture": "#0"},
				"west": {"uv": [14.66667, 14.00001, 6.66667, 13], "rotation": 270, "texture": "#0"},
				"down": {"uv": [16, 2.5, 15.33333, 1.5], "rotation": 180, "texture": "#0"}
			}
		},
		{
			"from": [-1, 13.875, 13.005],
			"to": [0, 16, 13.995],
			"rotation": {"angle": 45, "axis": "z", "origin": [0, 16, 4]},
			"faces": {
				"north": {"uv": [7.33333, 13, 6, 14.00001], "rotation": 270, "texture": "#0"},
				"east": {"uv": [7.33333, 14.00001, 6, 13], "rotation": 270, "texture": "#0"},
				"south": {"uv": [7.33333, 13, 6, 14.00001], "rotation": 270, "texture": "#0"},
				"west": {"uv": [16, 9.5, 15.33333, 1], "rotation": 180, "texture": "#0"},
				"down": {"uv": [16, 2.5, 15.33333, 1.5], "rotation": 180, "texture": "#0"}
			}
		},
		{
			"from": [0.26, 12.95, 13.01],
			"to": [1.26, 15.075, 13.99],
			"rotation": {"angle": -45, "axis": "z", "origin": [1.25, 15.85, 4]},
			"faces": {
				"north": {"uv": [7.33333, 13, 6, 14.00001], "rotation": 270, "texture": "#0"},
				"east": {"uv": [16, 9.5, 15.33333, 1], "rotation": 180, "texture": "#0"},
				"south": {"uv": [7.33333, 13, 6, 14.00001], "rotation": 270, "texture": "#0"},
				"west": {"uv": [7.33333, 14.00001, 6, 13], "rotation": 270, "texture": "#0"},
				"down": {"uv": [16, 2.5, 15.33333, 1.5], "rotation": 180, "texture": "#0"}
			}
		},
		{
			"from": [-2.125, 1, 13.005],
			"to": [0, 2, 13.995],
			"rotation": {"angle": -45, "axis": "z", "origin": [0, 1, 4]},
			"faces": {
				"north": {"uv": [7.33333, 13, 6, 14.00001], "texture": "#0"},
				"south": {"uv": [7.33333, 13, 6, 14.00001], "rotation": 180, "texture": "#0"},
				"west": {"uv": [16, 2.5, 15.33333, 1.5], "rotation": 270, "texture": "#0"},
				"up": {"uv": [16, 9.5, 15.33333, 1], "rotation": 270, "texture": "#0"},
				"down": {"uv": [7.33333, 14.00001, 6, 13], "rotation": 180, "texture": "#0"}
			}
		},
		{
			"from": [-1.26, 1.925, 13.01],
			"to": [-0.26, 4.05, 13.99],
			"rotation": {"angle": -45, "axis": "z", "origin": [-1.25, 1.15, 4]},
			"faces": {
				"north": {"uv": [7.66667, 13, 6, 14.00001], "rotation": 270, "texture": "#0"},
				"east": {"uv": [7.66667, 14.00001, 6, 13], "rotation": 270, "texture": "#0"},
				"south": {"uv": [7.66666, 13, 6, 14.00001], "rotation": 270, "texture": "#0"},
				"west": {"uv": [16, 9.5, 15.33333, 1], "texture": "#0"},
				"up": {"uv": [16, 2.5, 15.33333, 1.5], "texture": "#0"}
			}
		},
		{
			"from": [0.5, 2.5, 2],
			"to": [1.5, 14.5, 3],
			"rotation": {"angle": 0, "axis": "y", "origin": [1, 2.5, -7]},
			"faces": {
				"north": {"uv": [14.66666, 13, 6.66666, 14.00001], "rotation": 270, "texture": "#0"},
				"east": {"uv": [14.66667, 14.00001, 6.66667, 13], "rotation": 270, "texture": "#0"},
				"south": {"uv": [14.66666, 13, 6.66666, 14.00001], "rotation": 270, "texture": "#0"},
				"west": {"uv": [14.66667, 14.00001, 6.66667, 13], "rotation": 270, "texture": "#0"},
				"down": {"uv": [16, 2.5, 15.33333, 1.5], "rotation": 180, "texture": "#0"}
			}
		},
		{
			"from": [-1, 13.875, 2.005],
			"to": [0, 16, 2.995],
			"rotation": {"angle": 45, "axis": "z", "origin": [0, 16, -7]},
			"faces": {
				"north": {"uv": [7.33333, 13, 6, 14.00001], "rotation": 270, "texture": "#0"},
				"east": {"uv": [7.33333, 14.00001, 6, 13], "rotation": 270, "texture": "#0"},
				"south": {"uv": [7.33333, 13, 6, 14.00001], "rotation": 270, "texture": "#0"},
				"west": {"uv": [16, 9.5, 15.33333, 1], "rotation": 180, "texture": "#0"},
				"down": {"uv": [16, 2.5, 15.33333, 1.5], "rotation": 180, "texture": "#0"}
			}
		},
		{
			"from": [0.26, 12.95, 2.01],
			"to": [1.26, 15.075, 2.99],
			"rotation": {"angle": -45, "axis": "z", "origin": [1.25, 15.85, -7]},
			"faces": {
				"north": {"uv": [7.33333, 13, 6, 14.00001], "rotation": 270, "texture": "#0"},
				"east": {"uv": [16, 9.5, 15.33333, 1], "rotation": 180, "texture": "#0"},
				"south": {"uv": [7.33333, 13, 6, 14.00001], "rotation": 270, "texture": "#0"},
				"west": {"uv": [7.33333, 14.00001, 6, 13], "rotation": 270, "texture": "#0"},
				"down": {"uv": [16, 2.5, 15.33333, 1.5], "rotation": 180, "texture": "#0"}
			}
		},
		{
			"from": [-1.5, 2.5, 2],
			"to": [-0.5, 14.5, 3],
			"rotation": {"angle": 0, "axis": "y", "origin": [-1, 2.5, -7]},
			"faces": {
				"north": {"uv": [14.66666, 13, 6.66666, 14.00001], "rotation": 270, "texture": "#0"},
				"east": {"uv": [14.66667, 14.00001, 6.66667, 13], "rotation": 270, "texture": "#0"},
				"south": {"uv": [14.66666, 13, 6.66666, 14.00001], "rotation": 270, "texture": "#0"},
				"west": {"uv": [14.66667, 14.00001, 6.66667, 13], "rotation": 270, "texture": "#0"},
				"down": {"uv": [16, 2.5, 15.33333, 1.5], "rotation": 180, "texture": "#0"}
			}
		},
		{
			"from": [-2.125, 1, 2.005],
			"to": [0, 2, 2.995],
			"rotation": {"angle": -45, "axis": "z", "origin": [0, 1, -7]},
			"faces": {
				"north": {"uv": [7.33333, 13, 6, 14.00001], "texture": "#0"},
				"south": {"uv": [7.33333, 13, 6, 14.00001], "rotation": 180, "texture": "#0"},
				"west": {"uv": [16, 2.5, 15.33333, 1.5], "rotation": 270, "texture": "#0"},
				"up": {"uv": [16, 9.5, 15.33333, 1], "rotation": 270, "texture": "#0"},
				"down": {"uv": [7.33333, 14.00001, 6, 13], "rotation": 180, "texture": "#0"}
			}
		},
		{
			"from": [-1.26, 1.925, 2.01],
			"to": [-0.26, 4.05, 2.99],
			"rotation": {"angle": -45, "axis": "z", "origin": [-1.25, 1.15, -7]},
			"faces": {
				"north": {"uv": [7.66667, 13, 6, 14.00001], "rotation": 270, "texture": "#0"},
				"east": {"uv": [7.66667, 14.00001, 6, 13], "rotation": 270, "texture": "#0"},
				"south": {"uv": [7.66666, 13, 6, 14.00001], "rotation": 270, "texture": "#0"},
				"west": {"uv": [16, 9.5, 15.33333, 1], "texture": "#0"},
				"up": {"uv": [16, 2.5, 15.33333, 1.5], "texture": "#0"}
			}
		},
		{
			"from": [-0.5, 2, 13.5],
			"to": [0.5, 15, 13.5],
			"rotation": {"angle": 0, "axis": "y", "origin": [0, 2.5, 4.5]},
			"faces": {
				"north": {"uv": [15.33333, 9.5, 16, 1], "rotation": 180, "texture": "#0"},
				"east": {"uv": [16, 9.5, 15.33333, 1], "rotation": 180, "texture": "#0"},
				"south": {"uv": [15.33333, 9.5, 16, 1], "rotation": 180, "texture": "#0"},